,MAE,RMSE
Baseline FCN,0.10127916789029646,0.17255138491403113
Random Forest,0.12325155845514062,0.2626375977527481
XGBoost,0.1307332230222841,0.26545250949959437
LSTM,0.1305820195578282,0.29046240275957635
Transformer,0.11978761438468112,0.22044137625394533
